<?xml version="1.0" encoding="UTF-8"?>
<beans xmlns="http://www.springframework.org/schema/beans"
	xmlns:xsi="http://www.w3.org/2001/XMLSchema-instance" 
	xmlns:aop="http://www.springframework.org/schema/aop"
	xsi:schemaLocation="http://www.springframework.org/schema/beans 
	http://www.springframework.org/schema/beans/spring-beans-4.0.xsd">
	
	
	 <bean id="student" class="com.lti.model.Student" scope="prototype">
		<property name="rollNumber" value="1"/>
		<property name="studentName" value="Sambit"/>
		<property name="studentScore" value="99"/>
		<property name="address" ref="address"/>
	
	</bean> 
	
	
	
	<bean id="address" class="com.lti.model.Address" scope="singleton">
	<property name="addressId" value="10"/>
	<property name="city" value="Mumbai"/>
	<property name="pin" value="756048"/>
	
	</bean>
	
	<bean id="service" class="com.lti.service.StudentServiceImpl" scope="singleton" lazy-init="default">
	<property name="dao" ref="dao"/>
	</bean>
	
	<bean id="dao" class="com.lti.dao.StudentDaoImpl" scope="singleton" lazy-init="default">
	
	</bean>
	
	
	</beans>
	
